V1;V2;V3;V29;V34;V49;V50;V51;V52;V53;V54;V55;V56;V57;V60;V61;V62;V34new
3;1;1;5;3;1;5;2;2;3;4;2;1;1;1;1;1;1
3;1;1;5;3;2;4;2;2;2;4;2;1;1;1;2;1;1
2;1;1;5;3;1;1;1;1;4;4;3;1;1;1;3;1;1
3;1;1;5;3;2;4;1;1;3;4;2;1;1;1;4;1;1
2;1;1;5;3;1;5;2;1;3;4;3;1;1;1;5;1;1
3;1;1;3;3;2;5;2;2;2;4;2;1;1;1;6;1;1
3;1;1;3;3;2;1;2;2;4;4;3;1;1;1;7;1;1
2;1;1;3;3;2;4;2;2;3;4;3;1;9;1;8;1;1
3;1;1;5;2;1;4;2;2;3;4;3;2;1;1;9;1;1
2;1;1;6;1;2;5;3;2;2;4;2;1;1;1;10;1;1
3;1;1;1;3;2;4;2;3;4;4;3;1;6;1;11;1;1
3;1;1;6;3;2;5;4;3;3;4;2;1;1;1;12;1;1
2;1;1;5;3;1;2;2;2;3;4;2;1;1;1;13;1;1
2;1;1;3;1;1;1;1;1;4;4;2;1;1;1;14;1;1
3;1;1;5;3;1;2;2;3;4;4;2;1;1;1;15;1;1
2;1;1;3;2;2;1;2;3;4;4;2;1;1;1;16;1;1
2;1;1;5;2;2;3;2;2;3;4;3;1;1;1;17;1;1
3;1;1;3;3;1;4;1;1;4;4;3;1;1;1;18;1;1
3;1;1;5;3;2;3;2;3;4;4;2;1;1;1;19;1;1
4;4;1;6;3;1;5;2;4;4;4;3;1;1;3;20;1;1
5;1;1;3;5;2;5;2;3;2;4;2;1;1;3;21;1;2
4;3;3;5;1;1;4;2;3;3;4;3;1;1;3;22;1;1
4;1;1;3;6;1;5;2;3;4;4;3;1;1;3;23;1;2
4;1;1;6;7;2;5;4;3;2;4;1;1;1;3;24;1;3
3;1;4;6;7;1;5;2;4;2;4;2;1;1;3;25;1;3
3;1;1;6;2;2;5;2;3;2;4;2;1;1;3;26;1;1
3;3;1;3;7;2;2;2;3;2;4;3;1;1;3;27;1;3
3;4;6;6;8;2;5;4;2;2;4;1;1;1;3;28;1; 
3;1;1;5;7;1;2;2;2;3;4;3;1;1;3;29;1;3
4;1;1;5;2;2;2;2;3;4;4;2;1;1;3;30;1;1
4;1;1;5;2;2;4;2;4;4;4;2;1;1;3;31;1;1
3;1;1;5;1;1;1;1;1;4;4;3;1;1;3;32;1;1
4;1;1;2;6;1;4;3;3;3;4;2;1;1;3;33;1;2
4;1;6;6;7;1;5;2;3;4;4;3;1;1;3;34;1;3
4;1;6;5;3;1;2;2;2;3;4;3;1;1;3;35;1;1
4;1;1;5;3;2;3;2;3;4;4;3;1;1;3;36;1;1
4;1;4;4;2;2;3;2;3;4;4;3;1;1;3;37;1;1
3;1;1;5;3;1;3;2;4;2;4;2;1;1;3;38;1;1
3;1;1;6;7;2;5;4;5;3;4;2;1;1;3;39;1;3
3;1;1;5;1;2;1;1;1;3;4;2;1;1;3;40;1;1
4;1;1;5;1;1;1;2;3;4;4;3;1;1;3;41;1;1
3;1;1;5;6;2;1;2;3;3;4;2;1;1;3;42;1;2
2;1;1;3;2;2;2;2;1;4;4;5;3;3;5;43;1;1
5;1;6;2;8;1;3;2;3;2;4;3;1;1;5;44;1; 
4;1;1;5;2;1;1;1;1;3;4;3;1;1;5;45;1;1
5;1;6;3;8;2;3;2;3;2;4;2;1;1;5;46;1; 
2;1;1;5;2;1;2;2;4;4;4;4;1;1;5;47;1;1
5;1;6;6;8;2;5;4;3;1;4;2;1;3;5;48;1; 
5;4;6;6;8;2;4;2;5;2;4;2;1;1;5;49;1; 
1;1;1;5;2;2;3;3;3;4;4;3;1;1;5;50;1;1
3;1;1;3;3;1;3;2;4;4;4;3;1;1;5;51;1;1
5;1;4;6;8;1;5;2;3;2;4;2;1;1;5;52;1; 
3;4;6;6;8;2;5;4;4;2;4;2;1;1;5;53;1; 
5;1;1;5;2;2;1;2;1;4;4;4;1;1;5;54;1;1
5;1;6;4;5;2;4;2;3;2;4;2;1;1;5;55;1;2
5;1;1;5;2;2;1;2;2;4;4;4;1;1;5;56;1;1
5;1;6;6;8;1;4;2;3;2;4;2;1;1;5;57;1; 
2;1;4;5;2;2;4;2;2;3;4;3;1;1;5;58;1;1
2;1;1;5;2;1;1;2;2;3;4;3;1;1;5;59;1;1
5;1;6;1;5;2;4;4;4;2;4;3;1;1;5;60;1;2
2;1;1;5;5;1;3;1;1;3;4;3;1;9;5;61;1;2
5;4;6;6;7;2;5;4;4;1;4;2;1;1;5;62;1;3
5;1;1;6;7;2;5;4;3;2;4;2;1;1;5;63;1;3
5;1;1;6;2;1;5;2;3;3;4;3;1;1;5;64;1;1
2;1;6;5;2;2;1;2;2;4;4;4;1;1;5;65;1;1
5;1;1;5;5;2;4;2;4;2;4;2;1;1;5;66;1;2
2;1;1;4;5;2;3;2;3;3;4;3;1;1;5;67;1;2
3;1;1;5;2;1;4;2;4;2;4;2;1;1;5;68;1;1
3;1;1;6;8;1;5;2;3;2;4;3;1;1;5;69;1; 
5;4;6;6;8;2;5;4;3;1;4;2;1;1;5;70;1; 
5;1;4;6;8;2;5;4;3;2;4;2;1;1;5;71;1; 
4;3;3;1;8;1;3;2;3;2;4;3;1;1;5;72;1; 
5;1;1;5;2;1;1;1;1;3;4;3;1;1;5;73;1;1
3;4;1;6;8;1;5;2;4;2;4;2;1;1;5;74;1; 
5;1;1;5;2;2;1;2;2;4;4;4;1;1;5;75;1;1
2;1;4;5;6;1;3;3;2;3;4;3;1;3;5;76;1;2
3;1;1;3;3;1;3;2;4;4;4;3;1;1;5;77;1;1
5;1;6;4;7;2;3;2;3;3;4;3;1;1;5;78;1;3
3;1;1;3;5;1;1;1;1;2;4;3;1;1;5;79;1;2
3;1;4;5;8;1;3;2;3;2;4;2;1;1;5;80;1; 
5;1;6;6;2;2;5;4;3;1;4;2;1;3;5;81;1;1
3;1;1;5;3;1;2;3;3;3;4;4;1;1;5;82;1;1
4;1;1;6;5;1;4;2;2;2;4;2;1;1;5;83;1;2
5;1;1;1;2;2;2;2;1;4;4;3;1;1;5;84;1;1
5;1;6;3;7;2;3;2;5;2;4;3;1;1;5;85;1;3
5;1;1;5;2;2;1;2;2;4;4;4;1;1;5;86;1;1
5;1;1;3;2;2;2;2;3;4;4;5;1;1;5;87;1;1
2;1;1;3;2;2;4;2;3;3;4;3;1;1;5;88;1;1
2;1;6;6;8;2;3;2;3;2;4;3;1;1;5;89;1; 
3;1;1;5;2;2;3;2;4;3;4;5;1;1;5;90;1;1
5;4;6;6;8;2;5;4;3;2;4;2;1;1;5;91;1; 
5;1;4;1;3;1;1;2;3;2;4;3;1;1;5;92;1;1
3;1;1;5;3;1;1;1;1;4;4;4;1;1;5;93;1;1
3;1;1;6;2;1;5;4;4;2;4;2;2;1;5;94;1;1
3;1;1;6;2;1;5;2;3;3;4;3;1;1;5;95;1;1
5;4;6;6;8;1;2;2;1;2;4;2;1;1;5;96;1; 
3;1;1;3;7;2;2;2;3;4;8;3;1;1;1;97;1;3
2;3;4;1;7;2;5;2;3;3;8;2;1;1;1;98;1;3
3;1;1;3;1;1;5;2;3;2;8;2;1;1;1;99;1;1
3;1;1;3;7;2;5;2;3;2;8;2;1;1;1;100;1;3
5;1;1;5;1;2;4;2;3;4;8;3;1;1;1;101;1;1
2;1;4;1;8;2;1;2;2;3;8;3;1;1;1;102;1; 
2;4;4;5;8;2;3;2;3;4;8;3;1;1;1;103;1; 
5;1;1;2;7;1;5;2;3;2;8;3;1;1;1;104;1;3
5;1;6;3;7;2;1;2;2;4;8;3;1;1;1;105;1;3
2;1;1;5;8;1;1;1;1;4;8;4;1;1;1;106;1; 
5;1;1;5;7;2;2;2;2;4;8;3;1;1;1;107;1;3
3;1;1;5;7;1;2;2;2;3;8;3;1;1;1;108;1;3
2;1;1;5;7;2;3;2;3;3;8;3;1;1;1;109;1;3
3;1;1;2;3;2;2;2;3;4;8;3;1;1;1;110;1;1
2;1;1;5;7;1;2;2;2;4;8;4;1;1;1;111;1;3
5;1;4;3;1;1;1;1;1;3;8;3;1;1;1;112;1;1
3;1;1;2;8;1;4;2;2;3;8;3;1;3;1;113;1; 
3;1;1;5;4;1;2;2;2;4;8;3;1;1;1;114;1;2
5;1;1;5;7;2;2;2;2;4;8;3;1;1;3;115;1;3
5;4;6;5;7;2;4;2;3;4;8;3;1;1;3;116;1;3
3;1;4;5;7;1;2;2;2;4;8;3;1;1;3;117;1;3
3;1;4;5;7;2;1;2;1;4;8;3;1;1;3;118;1;3
3;1;4;1;8;1;4;2;3;3;8;2;1;1;3;119;1; 
3;1;1;5;7;1;2;2;2;4;8;3;1;1;3;120;1;3
5;1;1;2;7;2;4;2;3;3;8;3;1;1;3;121;1;3
3;1;6;5;1;2;2;2;2;4;8;3;1;1;3;122;1;1
3;1;1;3;7;1;5;2;4;3;8;2;1;1;3;123;1;3
3;1;1;5;7;1;1;2;1;3;8;3;1;1;3;124;1;3
2;1;1;5;7;2;3;2;3;4;8;3;1;1;3;125;1;3
3;1;1;3;7;2;5;2;3;4;8;2;1;1;3;126;1;3
2;1;1;5;7;2;1;2;1;4;8;3;1;1;3;127;1;3
2;1;1;5;7;1;1;2;1;2;8;3;1;1;3;128;1;3
3;1;1;5;7;1;2;2;2;4;8;3;1;1;3;129;1;3
5;1;1;1;7;2;4;2;3;4;8;2;1;1;3;130;1;3
2;1;1;1;7;1;5;2;1;2;8;3;1;1;5;131;1;3
5;1;1;3;7;2;5;2;3;4;8;3;1;1;5;132;1;3
5;1;1;1;1;1;1;1;1;4;8;3;1;1;5;133;1;1
3;1;4;2;1;1;2;2;3;2;8;3;1;1;5;134;1;1
5;1;1;3;7;2;5;4;3;3;8;2;1;1;5;135;1;3
5;1;6;3;7;2;5;2;3;3;8;3;1;1;5;136;1;3
2;1;1;5;7;2;3;2;3;4;8;3;1;1;5;137;1;3
3;1;1;5;1;1;4;2;3;3;8;3;1;1;5;138;1;1
5;1;6;3;7;2;3;2;4;2;8;2;1;1;5;139;1;3
5;1;4;1;7;1;5;2;3;2;8;3;1;1;5;140;1;3
3;4;1;5;7;2;4;2;3;3;8;3;1;1;5;141;1;3
5;4;4;3;7;1;2;2;3;4;8;3;1;1;5;142;1;3
3;1;1;2;7;1;4;2;1;3;8;3;1;1;5;143;1;3
3;1;1;3;7;1;5;2;3;3;8;3;1;1;5;144;1;3
2;1;1;3;1;2;1;2;3;3;8;3;1;1;5;145;1;1
3;1;1;3;7;1;5;2;3;2;8;3;1;1;5;146;1;3
5;1;4;2;7;1;4;2;3;2;8;3;1;1;5;147;1;3
3;1;1;5;7;2;3;2;3;4;8;3;1;1;5;148;1;3
2;1;1;3;1;1;1;1;1;2;8;3;1;1;5;149;1;1
5;4;4;5;7;2;3;2;2;3;8;2;1;1;5;150;1;3
2;1;1;5;7;2;1;1;1;3;8;3;1;1;5;151;1;3
3;1;1;5;7;2;5;2;3;3;8;3;1;1;5;152;1;3
3;1;1;3;7;2;5;4;3;2;8;2;1;1;5;153;1;3
3;1;1;5;7;1;4;2;3;1;8;3;1;1;5;154;1;3
3;1;1;5;7;1;4;2;2;3;8;3;1;1;5;155;1;3
2;4;6;3;7;2;5;4;2;4;8;2;1;1;5;156;1;3
2;1;1;3;7;2;2;2;2;3;8;6;1;1;5;157;1;3
2;1;1;5;7;2;3;2;2;3;8;3;1;1;5;158;1;3
5;1;6;5;7;1;3;2;3;4;8;3;1;1;5;159;1;3
5;4;6;5;7;2;1;2;1;4;8;4;1;1;5;160;1;3
2;1;1;2;1;1;1;1;1;2;8;3;1;1;5;161;1;1
2;1;4;3;7;2;5;2;3;3;8;3;1;1;5;162;1;3
3;1;1;5;7;2;3;2;3;2;8;3;1;1;5;163;1;3
3;1;1;5;7;1;3;2;3;2;8;3;1;1;5;164;1;3
2;1;6;3;7;2;2;2;2;4;8;3;2;1;5;165;1;3
3;1;1;3;1;2;1;1;1;3;8;4;1;1;5;166;1;1
5;1;1;5;7;1;1;1;1;2;8;3;1;1;5;167;1;3
3;3;4;3;7;2;4;2;3;3;8;3;1;1;5;168;1;3
3;1;1;5;7;1;1;1;1;2;8;3;1;1;5;169;1;3
3;1;1;5;7;1;4;2;3;3;8;3;1;1;5;170;1;3
3;1;1;3;3;1;5;2;3;3;10;1;1;1;1;171;1;1
3;1;1;5;3;1;1;1;1;2;10;2;1;1;1;172;1;1
4;1;1;5;3;2;4;2;2;4;10;2;1;1;1;173;1;1
4;1;1;6;1;1;5;2;4;3;10;1;1;1;1;174;1;1
2;1;1;5;2;2;1;2;3;3;10;3;1;1;1;175;1;1
3;1;1;6;2;2;5;2;4;2;10;2;1;6;1;176;1;1
4;1;1;5;3;1;3;2;1;3;10;2;1;1;1;177;1;1
3;1;1;1;3;2;4;1;1;3;10;1;2;2;1;178;1;1
3;1;1;5;3;1;1;1;1;2;10;2;1;1;1;179;1;1
4;3;4;6;3;2;5;4;3;4;10;1;2;1;1;180;1;1
4;1;1;6;3;2;5;4;3;4;10;1;2;1;1;181;1;1
4;1;1;5;3;1;3;2;2;3;10;2;1;1;1;182;1;1
4;1;1;5;3;2;4;2;2;3;10;2;1;1;1;183;1;1
3;1;1;5;3;1;2;1;1;4;10;2;1;1;1;184;1;1
3;1;1;5;3;2;1;1;1;3;10;2;1;1;1;185;1;1
3;1;1;3;2;1;5;2;1;3;10;3;1;1;3;186;1;1
3;1;1;5;1;2;1;1;1;2;10;2;1;1;3;187;1;1
3;1;1;3;1;1;1;1;1;2;10;3;1;1;3;188;1;1
3;1;1;1;2;2;3;2;2;4;10;3;1;1;3;189;1;1
3;1;1;5;2;2;2;2;2;3;10;3;1;1;3;190;1;1
3;1;1;5;2;2;3;2;2;3;10;3;1;1;3;191;1;1
3;1;1;5;2;2;5;2;1;3;10;3;1;1;3;192;1;1
3;1;1;6;2;2;5;2;2;3;10;3;1;1;3;193;1;1
3;1;1;5;2;2;5;4;2;3;10;3;1;1;3;194;1;1
3;1;1;5;2;1;2;2;2;4;10;3;1;1;3;195;1;1
3;1;1;5;3;1;4;2;3;3;10;3;1;1;3;196;1;1
3;1;1;5;1;1;1;1;1;2;10;2;1;1;3;197;1;1
3;1;1;6;7;2;5;4;3;3;10;2;1;1;5;198;1;3
3;1;1;6;7;1;5;2;3;2;10;2;1;1;5;199;1;3
3;1;1;6;2;2;5;2;3;3;10;2;1;1;5;200;1;1
3;1;1;6;7;1;5;2;3;3;10;2;1;1;5;201;1;3
3;1;1;3;2;2;1;1;1;3;10;2;1;1;5;202;1;1
3;1;1;4;3;1;4;2;3;3;10;2;1;1;5;203;1;1
3;1;1;6;2;2;5;4;4;3;10;2;1;2;5;204;1;1
3;1;1;3;2;1;4;3;3;3;10;3;1;1;5;205;1;1
3;1;1;5;7;1;2;2;3;3;10;2;1;2;5;206;1;3
3;1;1;2;8;2;4;2;3;4;10;3;1;1;5;207;1; 
3;1;1;3;8;1;1;1;1;4;10;3;1;1;5;208;1; 
3;1;1;6;8;2;5;4;2;3;10;2;1;1;5;209;1; 
3;1;1;1;2;1;4;1;1;3;10;3;1;1;5;210;1;1
3;1;1;6;2;2;5;4;3;4;10;2;1;6;5;211;1;1
3;1;1;5;3;2;2;2;3;3;10;3;1;1;5;212;1;1
3;1;1;1;2;1;1;1;1;4;10;2;1;1;5;213;1;1
3;1;1;6;2;1;5;2;2;4;10;3;1;1;5;214;1;1
3;1;1;1;2;2;5;2;3;4;10;3;3;6;5;215;1;1
3;1;1;3;3;2;1;1;1;4;10;3;1;1;5;216;1;1
3;1;1;5;2;2;4;4;2;3;10;2;1;1;5;217;1;1
3;1;1;3;2;2;2;2;3;4;10;3;1;1;5;218;1;1
3;1;1;1;3;1;2;2;3;3;10;2;1;1;5;219;1;1
3;1;1;4;3;2;3;2;2;4;10;2;1;1;5;220;1;1
3;1;1;1;2;2;3;2;3;4;10;2;1;9;5;221;1;1
3;1;1;1;2;2;2;2;3;3;10;3;1;1;5;222;1;1
3;1;1;1;3;1;1;1;1;2;10;2;1;1;5;223;1;1
3;1;1;5;2;1;5;1;1;2;10;2;1;1;5;224;1;1
3;1;1;4;2;1;4;2;2;3;10;2;1;1;5;225;1;1
3;1;1;3;2;1;1;1;1;2;10;2;1;1;5;226;1;1
3;1;1;1;2;2;3;2;3;4;10;2;1;6;5;227;1;1
3;1;1;1;2;1;3;2;2;3;10;2;1;1;5;228;1;1
3;1;1;1;2;2;2;2;2;4;10;3;1;1;5;229;1;1
3;1;1;1;2;2;1;1;1;2;10;2;1;1;5;230;1;1
3;1;1;1;2;1;4;2;2;3;10;2;1;4;5;231;1;1
3;1;1;1;2;2;5;2;1;3;10;2;1;1;5;232;1;1
3;1;1;4;2;1;3;1;2;3;10;2;1;2;5;233;1;1
5;1;1;6;8;2;5;2;4;3;3;2;1;1;1;234;1; 
3;1;1;5;3;1;1;2;2;4;3;4;1;1;1;235;1;1
4;1;4;2;2;1;4;2;3;2;3;3;1;1;1;236;1;1
2;1;4;5;7;1;1;2;3;3;3;3;2;1;1;237;1;3
5;1;1;6;8;2;5;4;3;2;3;2;1;1;1;238;1; 
1;1;1;5;3;1;4;2;3;2;3;3;1;1;1;239;1;1
5;1;6;3;8;2;2;2;5;2;3;2;3;9;1;240;1; 
5;1;1;6;2;2;5;4;3;2;3;2;1;1;1;241;1;1
3;1;1;5;2;2;3;1;1;4;3;3;1;1;1;242;1;1
5;1;4;3;8;1;4;2;3;2;3;2;1;1;1;243;1; 
2;1;1;5;2;2;1;2;2;4;3;4;1;1;1;244;1;1
2;1;1;5;2;2;3;3;2;3;3;3;3;4;1;245;1;1
5;1;6;5;2;2;1;1;1;4;3;3;1;7;1;246;1;1
3;1;1;3;3;1;3;2;4;4;3;3;1;1;1;247;1;1
4;3;3;6;7;1;5;2;3;2;3;1;2;2;1;248;1;3
2;1;1;5;2;1;3;3;3;3;3;4;1;1;1;249;1;1
5;1;6;1;2;2;4;4;4;3;3;3;1;1;1;250;1;1
3;1;6;5;7;1;1;2;2;3;3;2;1;1;3;251;1;3
4;1;1;5;7;2;2;2;3;3;3;3;1;1;3;252;1;3
3;1;6;2;4;1;2;2;3;3;3;2;1;1;3;253;1;2
4;1;1;5;5;1;3;2;3;4;3;3;1;1;3;254;1;2
4;1;4;5;2;1;3;2;3;3;3;2;1;1;3;255;1;1
4;1;4;5;3;2;1;2;3;3;3;3;1;1;3;256;1;1
3;1;1;5;7;1;4;2;2;2;3;3;1;1;3;257;1;3
4;1;1;5;4;2;1;2;3;3;3;2;1;1;3;258;1;2
4;1;1;5;7;1;1;1;1;2;3;1;1;1;3;259;1;3
3;4;4;5;2;2;3;2;3;3;3;2;1;1;3;260;1;1
3;4;6;6;7;1;5;1;1;2;3;1;1;1;3;261;1;3
3;1;4;5;3;2;4;2;2;3;3;3;1;1;3;262;1;1
4;1;4;6;7;2;5;3;2;2;3;1;1;1;3;263;1;3
3;4;6;3;2;2;4;1;1;2;3;3;1;1;3;264;1;1
4;1;1;3;7;2;5;2;2;3;3;2;1;1;3;265;1;3
3;1;4;5;7;1;1;1;1;-99;3;1;1;1;5;266;1;3
4;4;6;5;7;1;3;2;3;3;3;2;1;1;5;267;1;3
3;3;6;3;7;1;5;2;3;2;3;1;1;1;5;268;1;3
3;4;6;5;2;1;2;2;3;3;3;1;1;1;5;269;1;1
4;1;6;5;7;2;1;2;3;4;3;2;1;1;5;270;1;3
4;1;1;5;8;2;4;2;3;3;3;2;1;1;5;271;1; 
3;1;6;5;2;1;1;1;1;4;3;3;1;1;5;272;1;1
3;1;1;5;2;1;3;2;3;3;3;2;1;1;5;273;1;1
3;1;1;3;7;1;5;2;2;2;3;1;2;1;5;274;1;3
3;1;1;5;2;2;2;2;3;-99;3;2;1;1;5;275;1;1
3;3;4;3;7;2;5;2;3;3;3;1;1;1;5;276;1;3
3;1;1;5;3;2;2;2;3;3;3;2;1;1;5;277;1;1
3;1;1;5;7;2;1;2;2;3;3;3;1;1;5;278;1;3
3;1;1;2;3;1;2;2;2;3;3;3;1;2;5;279;1;1
3;1;1;5;7;2;4;2;3;3;3;2;1;1;5;280;1;3
4;1;1;6;2;2;5;4;1;2;3;1;1;1;5;281;1;1
4;4;1;1;2;2;4;2;3;2;3;2;1;1;5;282;1;1
3;1;1;5;1;1;1;2;2;3;3;2;1;1;5;283;1;1
3;1;1;5;2;2;3;2;3;4;3;3;1;1;5;284;1;1
4;1;4;4;2;1;3;2;3;-99;3;2;1;1;5;285;1;1
4;1;1;5;7;1;4;2;3;3;3;2;1;1;5;286;1;3
3;1;1;5;7;1;4;2;3;3;3;2;1;1;5;287;1;3
4;1;1;5;2;2;4;2;4;3;3;3;1;1;5;288;1;1
4;1;1;3;7;2;5;2;3;2;3;1;1;1;5;289;1;3
2;1;1;5;2;2;4;2;3;3;3;3;1;2;5;290;1;1
4;1;1;5;5;2;2;2;2;3;3;3;1;1;5;291;1;2
4;3;6;6;7;1;5;2;3;2;3;1;2;1;5;292;1;3
3;1;1;5;7;1;4;2;3;2;3;3;1;1;5;293;1;3
3;3;4;5;2;1;2;2;2;3;3;2;1;1;5;294;1;1
4;1;1;6;2;1;5;2;3;2;3;2;1;1;5;295;1;1
3;4;1;5;8;2;4;2;2;2;3;3;1;9;5;296;1; 
4;1;1;1;2;2;3;2;4;3;3;3;1;1;5;297;1;1
4;1;1;5;3;1;1;1;1;3;3;2;1;1;5;298;1;1
3;4;1;5;2;2;2;2;3;3;3;2;1;1;5;299;1;1
4;3;1;1;7;2;1;1;1;4;3;3;1;1;5;300;1;3
4;4;1;5;2;1;3;2;3;2;3;2;1;7;5;301;1;1
3;3;1;5;4;1;1;2;2;4;3;1;1;1;5;302;1;2
3;3;1;5;6;1;3;2;3;3;3;2;1;1;5;303;1;2
3;1;1;5;2;2;1;2;2;3;3;2;1;1;5;304;1;1
3;1;1;5;2;2;4;2;3;3;3;2;1;1;5;305;1;1
4;1;1;5;2;1;2;2;2;3;3;1;1;1;5;306;1;1
4;1;4;5;2;1;3;2;3;3;3;2;1;1;5;307;1;1
4;1;1;3;7;2;4;2;3;3;3;3;1;1;5;308;1;3
3;1;1;3;7;1;5;2;2;3;3;1;1;1;5;309;1;3
4;1;1;5;7;2;2;2;2;2;3;2;1;1;5;310;1;3
4;1;1;5;7;2;4;2;3;3;3;3;1;1;5;311;1;3
3;1;1;5;2;2;4;2;3;3;3;3;1;1;5;312;1;1
3;1;1;6;7;1;5;2;3;3;3;2;1;1;5;313;1;3
3;1;1;6;8;2;5;3;2;2;3;1;1;1;5;314;1; 
4;1;1;5;8;2;4;2;3;-99;3;2;1;1;5;315;1; 
3;1;1;5;2;2;2;2;3;3;3;1;1;1;5;316;1;1
4;1;1;6;7;2;5;2;3;3;3;2;1;1;5;317;1;3
3;1;4;6;8;2;5;2;4;2;3;2;1;1;5;318;1; 
3;1;1;5;7;1;4;2;3;2;3;1;1;1;5;319;1;3
4;1;1;5;4;2;2;2;3;4;6;3;1;1;1;320;1;2
4;1;1;5;7;2;4;2;3;4;6;3;1;1;1;321;1;3
4;1;4;3;7;1;5;2;3;3;6;3;1;1;1;322;1;3
4;1;1;5;4;2;3;2;2;3;6;3;1;1;1;323;1;2
4;1;1;5;2;1;4;2;3;4;6;4;1;1;1;324;1;1
4;1;1;5;7;2;2;2;3;4;6;3;1;1;1;325;1;3
4;1;1;3;7;1;5;4;3;3;6;3;1;1;1;326;1;3
4;1;1;3;8;2;5;4;2;2;6;3;1;1;1;327;1; 
4;1;1;3;4;1;1;1;1;4;6;3;1;1;1;328;1;2
4;1;1;3;7;2;1;1;1;2;6;3;1;1;1;329;1;3
4;1;1;5;2;1;1;1;1;3;6;3;1;1;1;330;1;1
4;1;1;3;4;1;1;1;1;2;6;2;1;1;1;331;1;2
4;1;1;2;6;1;2;1;1;4;6;3;1;1;1;332;1;2
3;1;1;3;4;2;1;1;1;4;6;3;1;1;1;333;1;2
4;1;1;3;2;2;3;2;2;4;6;5;1;1;1;334;1;1
4;1;1;5;5;1;2;2;3;3;6;4;1;1;1;335;1;2
4;1;1;5;7;2;5;2;4;4;6;3;1;1;1;336;1;3
4;4;1;3;7;2;5;4;3;3;6;2;1;1;1;337;1;3
4;1;1;5;4;2;3;2;3;4;6;3;1;1;1;338;1;2
4;1;1;5;1;1;2;2;1;4;6;4;1;1;1;339;1;1
4;1;1;5;7;2;5;4;3;3;6;3;1;1;1;340;1;3
4;1;1;3;7;1;5;2;3;2;6;3;1;1;1;341;1;3
4;1;4;5;7;2;4;1;1;4;6;3;1;1;1;342;1;3
3;1;4;3;4;1;1;1;1;3;6;3;1;1;1;343;1;2
4;1;1;5;8;2;5;2;3;4;6;3;1;1;1;344;1; 
4;1;1;3;7;2;5;2;3;4;6;2;1;1;1;345;1;3
4;1;1;5;7;2;1;1;1;4;6;4;1;1;1;346;1;3
3;1;1;2;3;1;1;2;2;4;6;3;1;1;1;347;1;1
4;1;1;5;1;2;2;2;3;4;6;3;1;1;1;348;1;1
4;1;1;5;1;2;1;2;2;4;6;3;1;1;1;349;1;1
4;1;1;5;1;1;1;1;1;3;6;3;1;1;1;350;1;1
4;1;1;5;4;2;2;2;2;3;6;3;1;1;1;351;1;2
4;1;1;5;6;1;4;2;3;4;6;4;1;1;1;352;1;2
4;1;1;5;8;1;5;3;3;4;6;3;1;1;1;353;1; 
3;1;1;3;7;2;1;1;1;4;6;4;1;1;1;354;1;3
4;1;1;2;7;2;3;3;2;4;6;3;1;1;1;355;1;3
4;1;1;5;6;2;2;2;2;4;6;4;1;1;1;356;1;2
4;1;4;5;3;1;3;2;2;4;6;4;1;1;1;357;1;1
4;1;1;3;7;2;5;4;2;2;6;2;1;1;1;358;1;3
4;1;1;5;7;1;5;2;3;3;6;3;1;1;1;359;1;3
4;1;1;5;1;2;2;1;1;4;6;4;1;1;1;360;1;1
4;1;4;1;7;2;5;2;3;4;6;3;1;1;1;361;1;3
4;1;1;5;8;1;4;3;3;3;6;3;1;1;1;362;1; 
4;1;1;5;4;2;3;2;2;4;6;4;1;1;1;363;1;2
4;1;1;5;8;2;2;2;3;4;6;4;1;1;1;364;1; 
4;1;1;5;6;1;2;2;2;4;6;4;1;1;1;365;1;2
4;1;1;3;1;2;4;2;2;3;6;3;1;1;1;366;1;1
4;1;1;3;7;1;5;4;3;2;6;3;1;1;1;367;1;3
3;1;1;3;7;2;5;3;2;3;6;2;1;1;1;368;1;3
4;1;1;5;3;2;3;2;2;4;6;4;1;1;1;369;1;1
4;1;1;5;7;2;2;2;3;4;6;4;1;1;1;370;1;3
4;1;1;5;4;2;3;2;2;4;6;3;1;1;1;371;1;2
4;1;1;2;3;1;3;3;2;4;6;3;1;1;1;372;1;1
4;1;1;5;2;1;4;2;2;4;6;4;1;1;1;373;1;1
4;1;1;5;3;1;2;2;2;3;6;4;1;1;1;374;1;1
4;1;4;5;8;1;3;1;1;4;6;4;1;1;1;375;1; 
4;1;1;3;2;1;4;2;3;3;6;3;1;1;1;376;1;1
4;1;1;3;7;1;5;4;3;1;6;2;1;1;1;377;1;3
4;1;4;5;5;1;2;2;2;4;6;4;1;1;1;378;1;2
4;1;4;5;7;1;4;2;3;4;6;3;1;1;1;379;1;3
4;1;1;5;6;1;2;2;2;4;6;4;1;1;1;380;1;2
3;1;3;5;1;2;4;2;3;3;6;2;1;1;3;381;1;1
5;1;6;3;8;2;5;2;2;2;6;1;1;1;3;382;1; 
5;1;1;5;2;2;4;2;3;4;6;3;1;1;3;383;1;1
2;1;1;5;3;1;3;2;3;3;6;3;1;1;3;384;1;1
3;1;4;3;7;2;5;4;3;1;6;2;1;1;3;385;1;3
5;1;1;2;3;1;4;2;3;3;6;3;1;1;3;386;1;1
2;1;1;1;1;2;1;1;1;4;6;3;1;1;3;387;1;1
5;1;4;3;8;1;5;2;2;2;6;2;1;1;3;388;1; 
5;1;6;2;3;1;2;2;3;4;6;3;2;1;3;389;1;1
2;1;1;1;1;1;4;2;2;3;6;3;1;1;3;390;1;1
5;1;6;3;2;2;2;2;1;2;6;3;1;1;3;391;1;1
2;1;1;1;5;2;4;3;2;4;6;3;1;1;3;392;1;2
5;4;4;3;8;2;5;2;4;1;6;2;1;1;3;393;1; 
3;1;4;5;2;1;3;2;3;3;6;3;1;1;3;394;1;1
5;1;1;3;8;2;5;2;3;2;6;2;1;1;3;395;1; 
2;1;4;1;3;1;1;1;1;3;6;3;1;1;3;396;1;1
2;3;3;3;7;1;5;2;4;2;6;3;1;1;3;397;1;3
5;4;4;1;3;2;1;1;1;4;6;3;1;1;3;398;1;1
3;1;6;1;4;2;3;2;4;4;6;3;1;1;3;399;1;2
2;1;1;2;1;1;1;1;1;3;6;3;1;1;3;400;1;1
2;1;1;1;3;1;4;2;3;4;6;3;1;1;3;401;1;1
5;1;1;2;2;2;1;1;1;4;6;3;1;1;3;402;1;1
3;1;3;3;8;2;5;4;5;1;6;3;1;1;3;403;1; 
2;1;1;3;8;2;5;3;3;2;6;2;1;1;3;404;1; 
2;1;1;2;3;1;3;2;2;3;6;3;1;1;3;405;1;1
2;1;1;5;3;1;2;2;2;4;6;3;1;1;3;406;1;1
3;1;6;2;3;1;1;1;1;3;6;3;1;1;3;407;1;1
3;1;1;2;1;1;3;2;3;2;6;3;1;1;3;408;1;1
5;1;4;2;4;2;3;2;3;4;6;3;1;1;3;409;1;2
3;1;1;1;3;2;4;2;3;3;6;3;1;1;3;410;1;1
5;1;4;3;3;2;2;1;1;3;6;3;1;1;3;411;1;1
5;1;1;2;3;1;3;2;3;4;6;3;1;1;3;412;1;1
3;1;1;1;4;1;4;1;1;2;6;2;1;1;3;413;1;2
2;1;1;3;8;2;5;2;5;1;6;3;1;1;3;414;1; 
3;1;1;5;4;2;1;2;1;4;6;3;1;1;3;415;1;2
5;1;1;3;8;1;5;2;3;3;6;3;1;1;3;416;1; 
2;1;1;5;3;1;2;2;3;3;6;3;1;1;3;417;1;1
5;1;4;1;5;2;3;2;3;4;6;3;1;1;3;418;1;2
2;1;1;2;2;1;1;1;1;3;6;3;1;1;3;419;1;1
3;1;1;1;2;2;2;2;3;4;6;3;1;1;3;420;1;1
3;1;4;1;7;2;4;1;1;3;6;2;1;1;3;421;1;3
5;1;1;3;8;1;5;2;4;2;6;2;1;1;3;422;1; 
2;1;1;1;3;1;1;1;1;2;6;3;1;1;3;423;1;1
3;1;1;2;1;1;3;2;3;3;6;3;1;1;3;424;1;1
3;1;1;2;8;2;3;2;2;2;6;3;1;1;3;425;1; 
5;1;4;3;7;2;4;3;3;2;6;2;1;1;3;426;1;3
3;1;1;5;8;2;3;2;4;3;6;3;1;1;3;427;1; 
3;1;1;3;1;2;5;2;4;2;6;3;1;1;5;428;1;1
4;1;1;1;3;1;4;2;2;3;6;3;1;1;5;429;1;1
3;1;1;3;8;2;5;4;3;1;6;2;1;1;5;430;1; 
5;1;4;3;1;2;2;2;3;4;6;3;1;1;5;431;1;1
3;1;1;2;3;1;2;2;4;3;6;3;1;1;5;432;1;1
2;1;1;1;4;1;3;2;1;2;6;3;1;1;5;433;1;2
5;1;1;3;4;1;4;2;2;4;6;3;1;1;5;434;1;2
3;1;1;5;1;1;2;2;3;3;6;3;1;1;5;435;1;1
3;1;3;1;8;2;1;2;1;3;6;3;1;1;5;436;1; 
2;1;1;3;1;1;1;1;1;2;6;3;1;1;5;437;1;1
4;1;1;3;8;2;5;2;4;2;6;3;1;1;5;438;1; 
3;1;4;2;3;1;3;2;3;4;6;3;1;1;5;439;1;1
3;1;1;3;1;1;5;4;2;2;6;2;1;1;5;440;1;1
2;1;1;3;8;1;5;2;3;3;6;2;1;1;5;441;1; 
3;1;6;5;3;1;1;1;1;4;6;3;1;1;5;442;1;1
2;1;4;1;4;2;1;1;1;2;6;3;1;1;5;443;1;2
5;1;4;3;1;1;4;1;1;1;6;2;1;1;5;444;1;1
5;1;1;3;8;1;5;2;4;2;6;3;1;1;5;445;1; 
5;1;3;3;1;2;5;2;5;2;6;3;1;1;5;446;1;1
5;3;4;3;3;1;1;1;1;4;6;3;1;1;5;447;1;1
5;1;3;3;8;2;5;4;3;2;6;3;1;1;5;448;1; 
3;1;3;5;3;1;2;2;3;4;6;3;1;1;5;449;1;1
5;1;1;5;1;1;4;2;3;3;6;3;1;1;5;450;1;1
2;1;1;3;8;2;3;2;4;2;6;3;1;1;5;451;1; 
3;1;1;3;1;2;5;2;5;1;6;3;1;1;5;452;1;1
5;1;1;1;1;1;3;2;3;-99;6;3;1;1;5;453;1;1
3;1;1;3;1;1;5;2;3;1;6;2;1;1;5;454;1;1
2;1;4;1;1;2;4;3;3;3;6;3;1;1;5;455;1;1
5;1;4;3;3;2;1;2;2;4;6;3;1;1;5;456;1;1
2;1;1;2;3;1;4;2;4;3;6;3;1;1;5;457;1;1
2;1;1;3;3;2;1;1;1;3;6;3;1;1;5;458;1;1
5;1;1;1;3;2;4;4;3;2;6;2;1;1;5;459;1;1
3;1;1;5;3;1;2;2;3;4;6;3;1;1;5;460;1;1
3;1;1;3;4;2;2;2;3;3;6;3;1;1;5;461;1;2
2;1;1;2;3;1;1;1;1;3;6;3;1;1;5;462;1;1
3;1;1;5;3;1;3;2;2;3;6;3;1;1;5;463;1;1
3;1;1;3;5;2;1;1;1;2;6;3;1;1;5;464;1;2
4;1;1;1;1;2;3;2;4;3;6;3;1;1;5;465;1;1
3;1;1;3;8;2;5;2;2;1;6;2;1;1;5;466;1; 
3;1;1;3;8;2;5;4;5;2;6;3;1;1;5;467;1; 
5;1;4;3;1;2;1;1;1;2;6;3;1;1;5;468;1;1
5;1;1;3;4;1;4;2;3;2;6;3;1;1;5;469;1;2
4;1;1;3;8;2;5;4;1;2;6;2;1;1;5;470;1; 
3;1;1;3;1;2;2;2;3;4;6;3;1;1;5;471;1;1
3;1;1;5;3;1;4;2;4;4;6;3;1;1;5;472;1;1
3;1;1;5;1;1;2;2;3;4;6;3;1;1;5;473;1;1
5;1;1;3;3;1;1;1;1;4;6;3;1;1;5;474;1;1
2;1;1;1;4;2;3;2;2;3;6;3;1;1;5;475;1;2
4;1;1;2;3;1;1;1;1;3;6;3;1;1;5;476;1;1
5;1;4;3;4;2;4;2;4;2;6;3;1;1;5;477;1;2
3;1;1;1;8;2;4;2;2;3;6;2;1;1;5;478;1; 
4;1;1;3;8;1;5;2;3;1;6;2;1;1;5;479;1; 
3;1;1;1;3;1;1;1;1;4;6;3;1;1;5;480;1;1
3;1;4;3;4;2;2;2;2;4;6;3;1;1;5;481;1;2
4;1;6;3;4;2;2;2;3;2;6;2;1;1;5;482;1;2
5;1;1;3;8;1;5;2;3;1;6;2;1;1;5;483;1; 
3;1;1;3;8;2;5;4;5;1;6;2;1;1;5;484;1; 
3;1;1;3;8;1;5;2;3;3;6;3;1;1;5;485;1; 
4;1;1;5;1;1;3;2;2;3;6;3;1;1;5;486;1;1
4;1;1;3;8;2;5;2;4;2;6;2;1;1;5;487;1; 
3;1;1;5;3;2;3;2;1;4;6;3;1;1;5;488;1;1
5;1;1;1;3;2;2;2;2;2;6;3;1;1;5;489;1;1
3;1;1;3;1;2;4;1;1;2;6;2;1;1;5;490;1;1
3;1;1;3;1;2;3;2;3;4;6;3;1;1;5;491;1;1
4;1;1;1;4;2;2;1;1;4;6;3;1;1;5;492;1;2
2;1;6;5;1;1;3;2;3;4;6;3;1;1;5;493;1;1
5;1;4;3;8;2;5;4;2;4;6;3;1;1;5;494;1; 
2;1;1;3;8;2;2;2;2;4;6;3;1;1;5;495;1; 
3;1;1;5;6;1;4;2;2;4;5;2;1;1;3;496;2;2
4;1;4;5;6;2;2;3;2;3;5;2;1;1;3;497;2;2
3;3;4;5;3;2;4;2;3;4;5;4;1;1;3;498;2;1
3;1;1;5;3;1;4;2;3;4;5;2;1;1;3;499;2;1
3;3;4;1;6;2;1;2;1;3;5;1;1;1;3;500;2;2
4;1;1;5;3;2;3;2;2;3;5;3;1;1;3;501;2;1
3;1;1;5;1;2;4;2;2;4;5;2;1;1;3;502;2;1
3;1;1;5;7;2;3;2;2;4;5;2;1;1;3;503;2;3
3;1;1;5;6;1;5;2;4;2;5;3;1;1;3;504;2;2
4;1;4;5;1;1;5;2;2;3;5;1;1;1;3;505;2;1
3;3;1;5;2;1;2;2;1;4;5;2;1;1;3;506;2;1
3;1;4;5;2;2;2;2;2;4;5;3;1;1;3;507;2;1
3;3;3;5;6;2;5;3;1;3;5;1;2;2;3;508;2;2
3;3;3;5;7;2;5;4;2;4;5;3;2;2;3;509;2;3
3;3;6;1;2;1;1;1;1;3;5;2;1;1;3;510;2;1
3;1;1;1;8;1;3;2;2;3;5;1;1;1;3;511;2; 
4;4;1;5;2;2;5;4;3;3;5;2;1;1;3;512;2;1
3;1;1;5;7;1;1;2;2;4;5;4;1;1;3;513;2;3
4;1;1;5;7;2;1;2;2;3;5;2;1;1;3;514;2;3
4;1;4;3;1;1;3;2;3;3;5;3;1;1;3;515;2;1
3;3;4;5;7;1;5;2;4;1;5;3;2;10;3;516;2;3
3;1;1;5;7;2;5;4;1;3;5;3;1;1;3;517;2;3
3;1;1;5;1;2;5;2;3;3;5;2;1;1;3;518;2;1
4;1;1;5;3;2;1;2;1;3;5;3;1;1;3;519;2;1
4;3;6;5;2;1;1;1;1;4;5;4;1;1;3;520;2;1
4;1;1;5;7;1;5;2;2;3;5;3;1;1;5;521;2;3
4;1;1;3;3;2;4;3;3;2;5;3;1;1;5;522;2;1
3;1;4;5;2;1;5;4;3;2;5;2;1;1;5;523;2;1
3;1;1;3;3;2;5;2;2;2;5;2;1;1;5;524;2;1
3;1;1;5;2;2;2;2;2;3;5;3;1;1;5;525;2;1
5;1;1;5;3;1;3;3;2;3;5;4;1;1;5;526;2;1
3;1;1;5;3;1;1;1;1;4;5;4;1;1;5;527;2;1
3;1;1;5;8;1;2;2;2;3;5;4;1;1;5;528;2; 
3;1;1;1;8;2;5;1;1;4;5;1;1;1;5;529;2; 
3;1;1;3;3;2;4;2;3;2;5;2;1;1;5;530;2;1
3;1;1;3;3;2;1;2;3;2;5;2;1;1;5;531;2;1
3;1;1;5;3;2;1;1;1;4;5;3;1;1;5;532;2;1
3;1;1;5;3;2;4;2;2;4;5;4;1;9;5;533;2;1
3;1;1;5;1;1;4;1;1;2;5;2;1;1;5;534;2;1
4;1;1;3;3;2;5;2;1;3;5;3;1;1;5;535;2;1
3;1;4;5;2;2;3;3;3;4;5;2;1;8;5;536;2;1
3;1;1;2;3;1;3;2;5;3;5;3;1;1;5;537;2;1
4;1;4;5;6;2;2;2;3;3;5;2;1;1;5;538;2;2
4;1;1;4;3;2;1;2;2;3;5;3;1;1;5;539;2;1
2;1;1;5;5;1;5;2;3;4;5;3;1;1;5;540;2;2
3;1;4;3;3;2;4;2;3;3;5;3;1;1;5;541;2;1
2;1;1;1;3;1;2;2;3;4;5;2;1;1;5;542;2;1
3;1;1;1;3;1;1;1;1;4;5;4;1;1;5;543;2;1
3;1;4;3;3;1;1;1;1;3;5;4;1;1;5;544;2;1
3;1;1;5;3;2;1;3;2;4;5;3;1;1;1;545;2;1
2;3;3;3;2;2;5;4;1;3;5;2;1;1;1;546;2;1
3;1;1;2;3;1;4;2;2;4;5;3;1;1;1;547;2;1
5;3;4;5;3;2;4;2;5;3;5;4;1;1;1;548;2;1
3;1;4;5;1;2;3;2;2;3;5;2;1;1;1;549;2;1
2;1;4;2;2;1;1;2;1;4;5;3;1;1;1;550;2;1
3;1;1;5;3;1;4;2;2;4;5;4;1;1;1;551;2;1
3;1;1;5;2;1;2;1;1;4;5;4;1;1;1;552;2;1
3;1;1;5;2;2;2;2;3;3;5;3;1;1;1;553;2;1
3;1;1;5;2;2;4;4;4;3;5;2;1;1;1;554;2;1
2;1;1;5;3;2;4;3;2;4;5;5;2;1;1;555;2;1
4;1;1;3;7;1;4;4;1;3;5;3;1;1;1;556;2;3
3;1;1;5;2;1;5;4;1;2;5;2;1;1;1;557;2;1
3;1;4;5;3;2;1;2;2;2;5;3;1;1;1;558;2;1
3;1;1;3;3;1;3;3;3;3;5;3;1;1;1;559;2;1
3;1;4;5;2;2;4;2;2;2;5;2;1;1;1;560;2;1
4;1;1;5;3;1;1;2;2;4;5;3;1;1;1;561;2;1
2;1;1;5;3;1;1;1;1;2;2;2;1;1;1;562;1;1
5;1;1;5;2;2;4;1;1;3;2;1;1;1;1;563;1;1
5;1;1;6;8;2;5;4;2;2;2;2;1;1;1;564;1; 
3;1;1;1;2;1;1;1;1;2;2;2;1;1;1;565;1;1
3;1;1;5;8;1;4;2;5;1;2;1;1;1;1;566;1; 
2;1;1;5;2;1;4;2;3;4;2;3;1;1;1;567;1;1
2;1;1;5;2;2;4;3;1;4;2;2;1;2;1;568;1;1
5;4;6;5;5;2;1;1;1;2;2;3;1;1;1;569;1;2
5;1;1;1;3;2;1;1;1;2;2;3;1;1;1;570;1;1
3;1;1;5;2;2;4;4;3;3;2;3;1;9;1;571;1;1
3;1;1;5;8;1;4;3;2;4;2;3;1;1;1;572;1; 
3;1;1;5;5;2;5;2;1;4;2;2;1;1;1;573;1;2
5;4;6;5;8;2;2;1;1;3;2;2;1;1;1;574;1; 
3;1;1;2;3;1;2;2;1;3;2;2;1;1;1;575;1;1
1;1;1;5;2;2;2;2;2;4;2;2;1;1;1;576;1;1
5;1;1;1;2;1;2;3;2;4;2;2;1;1;1;577;1;1
3;1;1;6;5;1;5;4;3;2;2;4;1;1;1;578;1;2
5;4;6;6;7;2;5;4;2;3;2;2;2;1;1;579;1;3
2;1;1;5;2;2;3;3;2;3;2;3;3;3;1;580;1;1
3;1;1;6;3;1;3;2;4;4;2;3;1;1;1;581;1;1
2;4;6;6;8;2;5;2;3;4;2;2;1;1;3;582;1; 
2;1;1;5;2;2;1;2;2;3;2;2;1;1;3;583;1;1
3;1;1;6;5;1;5;4;4;4;2;3;1;1;3;584;1;2
2;1;1;1;2;2;4;2;3;4;2;2;1;1;3;585;1;1
5;1;1;5;3;1;1;1;1;2;2;2;1;1;3;586;1;1
5;4;6;6;7;2;5;4;4;3;2;2;1;2;3;587;1;3
3;1;1;1;2;2;4;2;3;3;2;2;1;1;3;588;1;1
5;1;4;5;5;2;4;1;1;3;2;2;1;1;3;589;1;2
1;1;1;2;2;2;3;2;2;4;2;3;1;1;3;590;1;1
3;1;1;5;3;2;2;2;1;4;2;2;1;1;3;591;1;1
3;1;4;5;3;1;2;2;2;3;2;3;2;1;3;592;1;1
5;1;1;1;8;1;2;2;2;3;2;2;1;1;3;593;1; 
5;4;1;6;7;1;5;4;3;2;2;1;1;1;3;594;1;3
5;1;1;6;3;2;1;1;1;2;2;2;1;1;3;595;1;1
2;1;1;3;3;1;1;1;1;3;2;2;1;3;3;596;1;1
3;1;1;5;2;1;3;2;3;3;2;2;2;1;3;597;1;1
5;1;1;6;8;1;5;4;2;3;2;2;1;1;3;598;1; 
2;1;1;5;2;2;1;2;1;4;2;3;1;1;5;599;1;1
2;1;1;5;2;1;3;3;2;4;2;3;1;1;5;600;1;1
3;1;1;5;2;1;3;2;2;2;2;3;1;1;5;601;1;1
3;1;1;6;7;1;5;2;4;1;2;2;1;1;5;602;1;3
5;1;1;5;3;1;1;1;1;3;2;3;1;1;5;603;1;1
2;1;1;5;3;1;1;2;2;3;2;3;1;1;5;604;1;1
3;1;1;6;2;1;5;2;3;3;2;2;1;1;5;605;1;1
5;1;1;1;2;1;4;2;3;1;2;2;1;1;5;606;1;1
3;1;1;5;2;2;3;2;1;3;2;4;1;1;5;607;1;1
5;1;6;6;5;2;5;4;3;1;2;2;1;1;5;608;1;2
3;1;1;6;2;2;5;4;3;2;2;2;1;1;5;609;1;1
2;1;1;5;8;1;3;2;3;2;2;2;1;1;5;610;1; 
5;1;6;6;5;2;5;4;3;2;2;2;1;1;5;611;1;2
5;1;1;6;8;2;5;4;5;1;2;2;1;1;5;612;1; 
2;1;1;5;3;2;1;2;2;4;2;4;1;1;5;613;1;1
1;1;1;5;2;2;4;2;2;3;2;3;1;1;5;614;1;1
2;1;1;3;3;2;4;2;3;3;2;2;1;1;5;615;1;1
2;1;1;6;8;2;5;4;3;2;2;2;1;9;5;616;1; 
3;1;1;5;6;1;5;2;3;2;2;3;1;1;5;617;1;2
5;1;6;6;8;1;2;2;3;3;2;3;1;1;5;618;1; 
3;1;4;6;2;1;4;2;2;2;2;2;1;1;5;619;1;1
3;1;4;5;2;2;3;3;2;4;2;3;1;1;5;620;1;1
5;1;1;1;3;1;1;2;2;3;2;4;1;1;5;621;1;1
2;1;1;5;2;2;1;2;1;4;2;3;1;1;5;622;1;1
5;4;6;6;8;2;5;2;4;2;2;2;1;1;5;623;1; 
5;1;6;2;2;1;1;2;3;2;2;3;1;1;5;624;1;1
3;1;1;5;2;2;2;2;2;4;2;4;1;1;5;625;1;1
5;1;1;6;8;2;5;4;4;1;2;2;1;1;5;626;1; 
2;1;1;1;2;1;4;2;1;3;2;4;2;1;5;627;1;1
5;1;1;3;8;2;3;2;3;2;2;2;1;1;5;628;1; 
3;1;1;2;6;1;2;3;2;3;2;3;1;3;5;629;1;2
2;1;6;5;2;2;3;2;3;2;2;2;1;1;5;630;1;1
4;1;1;5;2;2;3;4;4;3;2;3;1;1;5;631;1;1
4;1;1;5;2;2;2;2;3;4;7;4;1;1;1;632;1;1
3;1;1;3;6;1;1;3;1;1;7;2;1;1;1;633;1;2
3;1;1;5;1;1;1;1;1;3;7;2;1;1;1;634;1;1
4;1;1;5;2;2;3;2;3;2;7;3;1;1;1;635;1;1
4;1;1;4;1;1;2;2;2;3;7;3;2;2;1;636;1;1
3;1;3;5;6;1;3;2;2;4;7;3;2;2;1;637;1;2
3;1;1;3;2;2;2;2;2;3;7;3;1;1;1;638;1;1
4;3;3;5;2;1;3;2;3;2;7;3;1;1;1;639;1;1
4;1;1;3;1;2;3;2;3;3;7;1;2;2;1;640;1;1
3;1;1;2;2;1;5;2;1;3;7;3;1;1;1;641;1;1
3;1;1;4;1;1;4;3;1;3;7;3;1;1;1;642;1;1
3;1;1;5;1;1;5;4;1;3;7;2;1;1;1;643;1;1
4;3;4;5;2;1;5;2;2;2;7;2;1;1;1;644;1;1
4;1;1;3;2;2;5;3;1;2;7;2;1;1;1;645;1;1
4;1;1;5;1;2;1;2;3;3;7;3;1;1;1;646;1;1
3;1;1;4;3;2;1;1;1;3;7;2;1;1;1;647;1;1
4;1;1;4;1;2;2;2;3;4;7;2;1;1;1;648;1;1
3;1;1;5;8;2;4;2;2;4;7;3;1;1;1;649;1; 
3;1;1;6;2;2;5;4;1;4;7;2;2;2;1;650;1;1
4;1;1;5;6;2;4;2;1;4;7;3;1;1;1;651;1;2
4;3;4;5;1;2;2;2;3;4;7;4;1;1;3;652;1;1
4;1;1;5;6;1;2;2;3;4;7;2;1;1;3;653;1;2
3;1;1;5;2;2;1;3;1;4;7;2;1;1;3;654;1;1
2;1;6;2;2;2;2;2;2;4;7;4;1;1;3;655;1;1
3;1;1;5;2;1;3;2;2;4;7;4;1;1;3;656;1;1
4;1;1;4;2;2;2;2;3;4;7;3;1;1;3;657;1;1
3;1;1;5;6;2;1;1;1;2;7;2;1;1;3;658;1;2
3;3;1;2;2;1;4;2;4;3;7;4;1;1;3;659;1;1
3;1;1;5;1;1;1;1;1;2;7;1;1;1;3;660;1;1
3;3;4;3;2;1;1;1;1;3;7;4;1;1;3;661;1;1
3;1;1;4;6;2;4;2;3;3;7;1;1;1;3;662;1;2
3;1;1;5;3;2;3;2;1;3;7;3;1;2;3;663;1;1
3;1;1;5;4;2;2;2;2;2;7;3;1;1;3;664;1;2
3;1;1;5;3;1;3;3;1;4;7;4;1;1;3;665;1;1
3;1;1;5;1;1;4;2;3;2;7;3;1;1;3;666;1;1
4;3;1;3;3;1;4;4;3;3;7;4;1;1;3;667;1;1
3;1;1;5;2;2;5;2;4;3;7;4;1;1;3;668;1;1
3;1;1;6;5;2;4;2;1;3;7;4;1;1;3;669;1;2
1;1;1;1;2;2;4;3;2;2;7;1;1;1;5;670;1;1
3;3;4;6;2;1;1;2;2;3;7;3;1;1;5;671;1;1
3;1;1;2;1;1;3;3;1;2;7;2;1;1;5;672;1;1
3;1;1;1;5;1;2;2;3;3;7;2;1;1;5;673;1;2
3;1;1;3;2;2;1;2;1;3;7;2;1;1;5;674;1;1
4;1;1;4;1;2;1;3;2;3;7;2;2;2;5;675;1;1
3;1;1;5;6;1;4;2;3;3;7;2;2;2;5;676;1;2
1;1;1;2;1;2;4;2;1;2;7;2;1;1;5;677;1;1
4;1;1;1;2;2;1;2;2;2;7;3;1;1;5;678;1;1
3;1;1;3;7;2;2;2;3;3;7;2;1;1;5;679;1;3
3;1;1;4;3;1;1;2;3;4;7;2;1;1;5;680;1;1
4;1;1;1;1;1;1;2;1;2;7;2;1;1;5;681;1;1
3;1;1;4;4;2;3;2;3;3;7;2;1;1;5;682;1;2
4;1;1;5;2;2;3;2;3;3;7;2;1;1;5;683;1;1
4;1;1;5;1;2;5;4;2;2;7;2;1;1;5;684;1;1
3;1;1;1;6;1;5;4;1;2;7;2;1;1;5;685;1;2
4;1;1;5;1;1;4;2;3;3;7;2;1;1;5;686;1;1
3;1;1;4;1;1;2;2;3;3;7;2;1;1;5;687;1;1
4;1;1;5;6;2;3;2;3;4;7;2;2;2;5;688;1;2
3;1;1;4;4;2;4;2;3;3;7;2;1;1;5;689;1;2
4;1;1;5;2;1;1;2;3;3;7;2;1;1;5;690;1;1
3;1;1;4;1;2;3;2;3;4;7;2;1;1;5;691;1;1
4;1;1;3;1;1;5;3;1;2;7;1;2;1;5;692;1;1
3;1;1;5;1;4;2;3;3;3;7;2;1;1;5;693;1;1
3;1;1;3;7;1;5;4;1;2;7;2;1;1;5;694;1;3
4;1;1;5;2;2;3;2;3;4;7;2;1;1;5;695;1;1
4;1;1;3;1;2;2;2;2;4;7;2;1;1;5;696;1;1
3;1;1;5;5;1;5;2;1;3;7;2;1;1;5;697;1;2
3;1;1;2;1;2;4;2;2;2;7;1;1;1;5;698;1;1
3;1;1;1;3;1;2;2;1;4;7;2;1;1;5;699;1;1
4;3;3;3;4;2;4;3;2;2;7;1;1;1;5;700;1;2
3;1;1;1;1;1;2;2;2;3;7;2;1;1;5;701;1;1
3;1;1;2;1;2;4;2;1;2;7;4;1;1;5;702;1;1
3;1;1;1;1;2;5;2;2;2;7;3;1;1;5;703;1;1
3;1;1;3;7;1;3;3;1;2;7;1;2;2;5;704;1;3
3;1;1;5;1;1;4;2;1;2;7;3;1;1;5;705;1;1
3;1;1;5;1;1;4;2;2;1;7;2;1;1;5;706;1;1
4;1;1;5;1;2;4;3;2;3;7;2;1;1;5;707;1;1
3;1;1;5;7;2;4;3;1;2;7;2;2;2;5;708;1;3
3;1;1;4;5;2;3;2;2;3;7;2;2;2;5;709;1;2
3;1;1;1;1;2;3;3;2;3;7;2;1;1;5;710;1;1
5;1;6;3;7;2;2;2;2;4;9;3;1;1;1;711;2;3
2;1;6;3;7;2;2;2;3;4;9;3;1;1;1;712;2;3
3;4;6;1;7;2;4;2;3;2;9;3;1;1;1;713;2;3
3;1;6;5;1;2;1;1;1;2;9;3;1;1;1;714;2;1
3;1;1;5;7;2;4;2;3;4;9;3;1;1;1;715;2;3
3;1;4;5;7;2;4;2;4;3;9;3;1;1;1;716;2;3
3;1;4;5;7;1;3;2;3;4;9;3;1;1;1;717;2;3
3;1;1;3;7;2;5;2;4;3;9;2;1;1;1;718;2;3
3;1;4;2;7;1;2;2;2;4;9;3;1;1;1;719;2;3
3;1;1;3;7;2;2;2;3;2;9;3;1;1;1;720;2;3
3;1;1;5;7;1;1;2;1;4;9;4;1;1;1;721;2;3
5;1;1;5;1;2;4;2;3;3;9;3;1;1;1;722;2;1
2;1;6;5;4;1;1;1;1;4;9;4;1;1;1;723;2;2
3;1;1;5;7;1;4;2;2;4;9;3;1;1;1;724;2;3
2;1;1;1;7;1;2;2;2;4;9;3;1;1;1;725;2;3
3;1;1;3;7;2;1;2;2;3;9;3;1;1;1;726;2;3
2;1;1;3;7;2;5;2;3;4;9;2;1;1;1;727;2;3
2;1;1;3;7;2;5;4;3;2;9;2;1;1;1;728;2;3
3;1;4;3;7;1;5;2;3;4;9;2;2;1;1;729;2;3
5;1;1;3;7;1;5;2;3;4;9;2;1;1;1;730;2;3
2;1;6;1;1;1;3;2;3;4;9;2;1;1;1;731;2;1
2;1;1;5;7;1;3;2;3;4;9;3;1;1;1;732;2;3
5;1;1;5;7;1;4;2;3;4;9;3;1;1;3;733;2;3
3;1;1;2;7;1;5;2;3;2;9;3;1;1;3;734;2;3
3;1;6;5;7;1;1;2;2;4;9;3;1;1;3;735;2;3
3;1;1;3;7;1;5;2;3;2;9;2;1;1;3;736;2;3
5;1;4;3;7;2;5;4;3;3;9;2;1;1;3;737;2;3
3;1;1;5;1;1;3;2;3;3;9;3;1;1;3;738;2;1
3;1;1;5;7;2;1;2;1;3;9;3;1;1;3;739;2;3
3;1;1;5;7;1;1;2;1;3;9;4;1;1;3;740;2;3
3;1;1;5;7;1;3;2;3;3;9;3;1;1;3;741;2;3
2;1;6;3;7;1;5;2;3;2;9;2;1;1;3;742;2;3
5;1;1;3;4;2;1;1;1;2;9;3;1;1;3;743;2;2
3;1;6;5;7;2;3;2;2;4;9;3;2;2;3;744;2;3
3;1;4;2;7;2;4;2;2;3;9;3;1;1;3;745;2;3
2;1;1;5;4;1;1;1;1;4;9;4;1;1;3;746;2;2
3;1;1;5;7;1;4;2;4;3;9;3;1;1;3;747;2;3
5;1;1;3;7;1;5;2;2;4;9;2;1;1;3;748;2;3
2;1;6;5;7;2;1;1;1;3;9;3;1;1;3;749;2;3
5;4;4;5;7;2;4;2;3;3;9;3;1;1;3;750;2;3
3;1;6;3;7;2;5;4;2;3;9;2;1;1;3;751;2;3
3;4;4;3;7;2;5;2;2;3;9;2;2;2;3;752;2;3
3;1;1;5;7;1;2;2;2;4;9;3;1;1;3;753;2;3
2;1;1;5;7;2;3;2;2;3;9;3;1;1;3;754;2;3
3;4;4;3;7;2;5;2;3;3;9;3;2;1;3;755;2;3
2;1;1;5;7;1;3;2;3;3;9;3;1;1;3;756;2;3
5;1;1;5;7;1;4;2;2;3;9;3;1;1;3;757;2;3
5;1;1;5;7;2;2;2;2;3;9;3;1;1;3;758;2;3
3;1;6;3;7;2;5;2;2;4;9;3;2;1;3;759;2;3
5;1;1;5;4;2;2;2;3;4;9;3;1;1;3;760;2;2
2;1;1;3;7;2;2;2;3;4;9;3;1;1;3;761;2;3
3;1;1;5;7;2;4;2;3;3;9;3;1;1;3;762;2;3
3;1;1;5;7;2;3;2;3;4;9;3;1;1;3;763;2;3
3;1;1;5;7;2;2;2;2;2;9;3;1;1;5;764;2;3
2;1;1;1;8;2;1;2;2;3;9;3;1;1;5;765;2; 
2;1;1;3;1;2;1;2;1;3;9;3;1;1;5;766;2;1
3;4;4;5;7;1;4;2;2;3;9;3;1;1;5;767;2;3
3;1;4;5;7;1;2;2;2;4;9;3;1;1;5;768;2;3
2;1;4;5;7;2;4;2;3;2;9;3;1;1;5;769;2;3
3;1;1;5;7;1;2;2;2;2;9;3;1;1;5;770;2;3
2;1;1;3;1;1;1;1;1;2;9;4;1;1;5;771;2;1
3;1;1;5;1;1;3;2;3;2;9;3;1;1;5;772;2;1
3;1;1;3;7;2;5;2;3;2;9;3;1;1;5;773;2;3
5;1;1;3;7;1;1;1;1;2;9;6;1;1;5;774;2;3
5;4;6;5;7;2;3;2;3;2;9;3;1;1;5;775;2;3
2;1;1;5;7;1;1;2;2;3;9;3;1;1;5;776;2;3
2;1;6;5;7;2;3;2;3;4;9;3;1;1;5;777;2;3
3;1;1;5;7;2;4;2;3;3;9;3;1;1;5;778;2;3
5;1;1;1;7;2;3;2;3;4;9;3;1;1;5;779;2;3
5;1;1;5;7;1;4;2;2;2;9;3;1;1;5;780;2;3
3;1;4;5;7;1;4;2;3;3;9;3;1;1;5;781;2;3
2;1;1;3;7;2;5;4;3;2;9;2;1;1;5;782;2;3
3;1;1;5;7;1;4;2;3;3;9;3;1;1;5;783;2;3
3;1;4;5;7;1;4;2;3;2;9;3;1;1;5;784;2;3
3;4;6;1;1;2;2;2;2;2;9;2;2;1;5;785;2;1
3;1;4;5;1;1;4;2;3;4;9;3;1;1;5;786;2;1
5;4;4;5;7;1;4;2;3;2;9;3;1;1;5;787;2;3
5;4;6;3;7;2;5;2;3;2;9;2;1;1;5;788;2;3
3;1;1;3;7;1;5;2;3;1;9;2;1;1;5;789;2;3
3;4;1;3;7;2;5;4;4;2;9;2;1;1;5;790;2;3
3;1;1;3;7;2;5;4;3;1;9;2;1;1;5;791;2;3
2;1;1;5;7;1;4;2;2;2;9;3;1;1;5;792;2;3
2;4;6;5;7;2;4;2;2;2;9;3;1;1;5;793;2;3
3;1;1;5;7;1;2;2;3;4;9;3;1;1;5;794;2;3
5;1;6;3;7;1;1;1;1;2;9;3;1;1;5;795;2;3
3;1;4;1;7;2;4;2;3;2;9;2;1;1;5;796;2;3
2;1;1;3;7;1;5;2;2;2;9;2;1;1;5;797;2;3
2;1;1;5;7;2;3;2;3;2;9;2;1;1;5;798;2;3
2;1;1;3;1;2;1;1;1;3;9;4;1;1;5;799;2;1
2;1;1;3;7;2;2;2;3;2;9;3;1;1;5;800;2;3
3;1;6;3;7;2;5;3;3;1;9;2;1;1;5;801;2;3
3;1;1;2;1;2;5;2;2;2;1;1;1;1;1;802;2;1
4;1;1;4;4;2;1;2;2;3;1;1;1;1;2;803;2;2
5;4;6;5;3;1;3;2;3;4;1;4;4;1;1;804;2;1
4;1;1;5;3;1;5;2;2;4;1;2;1;1;1;805;2;1
5;1;4;5;3;2;2;1;2;4;1;2;1;1;1;806;2;1
3;1;1;5;3;2;1;2;2;3;1;4;1;1;1;807;2;1
4;1;1;5;1;2;2;2;3;4;1;2;1;1;1;808;2;1
3;1;1;5;3;1;1;2;1;4;1;2;1;1;1;809;2;1
3;1;1;5;-99;2;5;4;3;3;1;1;1;1;1;810;2; 
3;1;1;5;8;2;3;2;3;4;1;2;1;1;1;811;2; 
4;1;4;5;2;1;1;3;2;3;1;2;1;1;1;812;2;1
4;1;1;5;6;2;2;1;1;3;1;2;1;1;1;813;2;2
4;1;1;3;2;1;2;2;3;4;1;6;1;1;1;814;2;1
3;1;1;5;2;1;4;2;3;4;1;6;1;1;1;815;2;1
4;1;1;5;2;1;5;2;2;4;1;3;1;1;1;816;2;1
4;1;1;3;4;2;5;2;3;4;1;3;2;2;1;817;2;2
4;1;1;4;8;2;5;4;3;2;1;1;1;1;2;818;2; 
4;1;1;6;5;1;3;2;2;3;1;1;1;1;1;819;2;2
2;1;1;3;8;1;5;2;3;4;1;3;1;1;1;820;2; 
3;1;1;5;3;2;3;2;2;3;1;4;1;1;1;821;2;1
3;1;1;3;2;2;5;2;3;2;1;3;4;5;1;822;2;1
5;4;6;3;3;1;5;2;3;4;1;3;4;1;1;823;2;1
5;4;6;3;3;2;5;2;3;3;1;3;1;1;1;824;2;1
4;1;6;3;1;2;1;1;1;3;1;3;1;1;1;825;2;1
3;1;1;3;1;1;1;1;1;3;1;2;1;1;1;826;2;1
4;4;6;5;4;2;4;4;3;3;1;3;1;1;1;827;2;2
3;1;1;2;1;1;2;2;3;3;1;3;1;1;1;828;2;1
4;1;1;5;4;1;2;-99;3;4;1;3;1;1;1;829;2;2
4;1;1;2;3;4;1;2;2;4;1;2;1;1;5;830;2;1
4;1;1;2;3;2;1;1;1;2;1;2;1;1;5;831;2;1
3;1;1;2;3;1;2;2;2;4;1;3;1;1;5;832;2;1
4;1;1;4;3;2;5;3;2;2;1;2;1;1;5;833;2;1
4;1;1;5;1;2;3;2;2;3;1;2;1;1;5;834;2;1
4;1;1;5;2;1;5;2;2;3;1;2;1;1;5;835;2;1
4;1;1;3;3;2;3;2;4;3;1;2;1;1;5;836;2;1
4;1;1;5;3;1;5;4;4;2;1;2;1;1;5;837;2;1
3;1;1;5;2;1;1;1;1;4;1;2;1;1;5;838;2;1
3;4;6;5;2;1;5;2;4;3;1;2;1;1;5;839;2;1
3;4;6;5;3;1;5;2;3;3;1;2;1;1;5;840;2;1
4;1;1;1;3;1;3;2;2;4;1;3;1;1;5;841;2;1
4;1;1;5;2;1;5;2;2;2;1;2;1;1;5;842;2;1
4;1;1;5;2;1;2;2;3;3;1;2;1;1;5;843;2;1
3;1;1;5;3;2;1;2;2;3;1;2;1;1;5;844;2;1
4;1;1;1;3;1;4;3;1;3;1;2;1;1;5;845;2;1
4;1;1;3;2;2;5;4;3;2;1;2;1;1;5;846;2;1
4;1;1;5;3;2;3;3;2;3;1;2;1;1;5;847;2;1
4;1;1;1;3;1;3;3;2;3;1;3;1;1;5;848;2;1
4;1;1;5;2;1;4;3;3;3;1;1;1;1;5;849;2;1
4;1;1;3;2;1;5;3;3;3;1;2;1;1;5;850;2;1
3;1;1;2;3;2;3;2;3;2;1;3;1;1;5;851;2;1
4;1;1;3;3;2;4;2;3;4;1;3;1;1;5;852;2;1
4;1;1;3;2;2;4;2;3;3;1;2;1;1;5;853;2;1
4;1;1;5;3;2;3;2;2;3;1;3;1;1;5;854;2;1
4;1;1;3;3;1;4;2;4;3;1;3;1;1;5;855;2;1
4;1;1;5;3;1;4;2;3;2;1;2;1;1;5;856;2;1
4;1;1;5;2;2;5;3;3;3;1;2;1;1;5;857;2;1
4;1;1;2;3;1;3;3;3;3;1;2;1;1;5;858;2;1
4;1;1;5;2;1;1;2;1;4;1;2;1;1;5;859;2;1
4;1;1;5;2;2;4;2;2;3;1;2;1;1;5;860;2;1
4;1;1;1;3;1;3;2;3;3;1;3;1;1;5;861;2;1
3;1;1;5;2;2;4;2;3;3;1;2;1;1;5;862;2;1
4;1;1;3;2;1;2;2;2;3;1;2;1;1;5;863;2;1
4;1;1;3;2;2;5;4;4;3;1;2;1;1;5;864;2;1
4;1;1;5;2;2;4;2;5;3;1;2;1;1;5;865;2;1
3;1;1;5;1;2;3;2;3;3;1;3;1;1;5;866;2;1
3;1;1;3;5;2;1;1;1;2;1;2;1;1;5;867;2;2
4;1;1;5;3;1;3;2;2;3;1;2;1;3;5;868;2;1
4;1;1;3;6;1;1;1;1;2;1;2;1;1;5;869;2;2
3;1;4;3;1;2;3;3;2;3;1;2;1;1;5;870;2;1
3;1;1;5;3;2;2;2;2;4;1;3;1;1;5;871;2;1
4;1;3;2;3;1;1;1;1;2;1;1;1;1;5;872;2;1
4;1;4;5;2;2;4;4;1;4;1;2;1;1;5;873;2;1
4;1;1;3;2;2;5;4;3;3;1;1;1;1;5;874;2;1
3;1;1;5;3;2;1;1;1;1;1;2;1;1;5;875;2;1
4;1;3;5;2;1;5;2;4;3;1;2;1;1;5;876;2;1
4;1;1;3;2;2;4;2;4;2;1;2;1;1;5;877;2;1
4;1;4;5;2;1;1;1;1;2;1;1;1;1;5;878;2;1
3;1;1;5;1;2;3;2;3;4;1;2;1;1;5;879;2;1
4;1;1;5;3;1;4;2;2;3;1;2;1;1;5;880;2;1
4;1;1;5;1;2;2;2;2;4;1;3;1;1;5;881;2;1
4;1;4;5;2;2;5;2;3;4;1;2;1;1;1;882;2;1
3;1;1;3;2;2;4;2;4;2;1;2;1;1;2;883;2;1
4;1;1;2;6;2;4;3;3;3;1;2;1;1;2;884;2;2
4;1;1;5;2;2;5;4;4;2;1;2;1;1;2;885;2;1
4;1;1;2;3;1;2;1;2;2;1;2;1;1;2;886;2;1
4;1;1;5;3;2;3;2;3;4;1;3;1;1;2;887;2;1
3;1;1;5;2;1;4;2;3;4;1;3;1;1;2;888;2;1
3;1;1;3;3;2;1;1;1;2;1;2;1;1;2;889;2;1
3;1;1;3;3;2;3;3;1;2;1;3;1;1;2;890;2;1
4;1;1;5;2;2;1;2;2;4;1;3;1;1;2;891;2;1
4;1;1;4;2;2;2;2;3;4;1;3;1;1;2;892;2;1
4;1;1;5;2;1;2;2;3;2;1;3;1;1;2;893;2;1
4;1;1;5;3;2;2;3;3;3;1;3;1;1;2;894;2;1
4;1;1;5;2;2;1;1;1;3;1;2;1;1;2;895;2;1
3;1;1;5;3;2;4;3;2;3;1;2;1;1;2;896;2;1
4;1;1;3;6;1;5;4;4;2;1;1;1;1;2;897;2;2
4;1;1;3;2;1;1;1;1;4;1;3;1;1;2;898;2;1
4;1;1;2;2;1;2;3;3;3;1;3;1;1;2;899;2;1
3;1;1;5;3;2;2;2;2;3;1;3;1;1;2;900;2;1
3;1;1;5;3;1;4;2;2;2;1;2;1;1;2;901;2;1
3;1;1;3;3;1;2;2;1;2;1;3;1;1;2;902;2;1
3;1;1;2;3;1;2;2;3;3;1;2;1;1;2;903;2;1
4;1;1;2;3;1;5;2;4;1;1;2;1;1;2;904;2;1
3;1;1;1;3;2;3;3;2;4;1;3;1;1;2;905;2;1
4;1;1;5;2;1;2;2;2;2;1;3;1;1;2;906;2;1
3;1;1;3;3;2;5;4;2;3;1;2;1;1;2;907;2;1
3;1;1;2;2;1;1;1;1;3;1;2;1;1;2;908;2;1
4;1;1;5;6;2;3;2;3;3;1;3;1;1;2;909;2;2
3;1;1;5;3;2;5;4;4;3;1;2;1;1;2;910;2;1
4;1;1;3;4;1;1;2;1;2;1;1;1;1;2;911;2;2
3;1;1;5;5;2;4;4;4;3;1;2;1;1;2;912;2;2
5;1;1;3;3;2;5;4;2;4;11;1;1;1;2;913;2;1
5;1;6;3;2;2;5;4;2;4;11;2;4;1;2;914;2;1
3;1;1;5;2;1;2;2;2;4;11;3;1;1;2;915;2;1
1;1;1;5;2;1;1;1;1;2;11;3;1;1;2;916;2;1
3;1;1;5;7;2;2;2;1;4;11;3;1;1;2;917;2;3
3;1;1;5;1;2;2;2;3;3;11;1;1;1;2;918;2;1
3;1;1;5;1;1;2;2;2;4;11;3;1;1;2;919;2;1
2;4;1;3;2;1;5;2;3;3;11;3;1;1;2;920;2;1
4;1;1;4;3;2;4;1;1;4;11;2;1;1;1;921;2;1
3;1;1;5;2;1;5;2;3;3;11;3;1;1;1;922;2;1
3;3;4;5;2;1;5;2;3;4;11;3;1;1;1;923;2;1
4;1;4;4;1;2;4;2;2;3;11;3;1;1;1;924;2;1
3;1;1;3;3;1;3;2;2;3;11;3;1;1;1;925;2;1
3;1;1;5;4;1;2;2;3;3;11;3;1;1;1;926;2;2
4;3;4;6;3;1;1;1;1;3;11;6;1;1;1;927;2;1
3;1;1;5;8;2;5;1;1;4;11;3;2;1;1;928;2; 
3;1;4;3;2;2;5;3;2;4;11;3;1;1;1;929;2;1
3;1;4;5;2;2;1;1;1;4;11;2;1;1;1;930;2;1
4;3;6;4;2;2;1;2;1;4;11;3;1;1;3;931;2;1
4;1;4;1;1;1;4;2;3;3;11;2;1;1;3;932;2;1
3;4;1;5;6;2;2;2;3;3;11;-99;1;1;3;933;2;2
3;1;1;5;1;1;5;2;3;3;11;3;1;1;3;934;2;1
4;3;4;5;7;2;4;4;1;4;11;2;2;1;3;935;2;3
3;1;1;1;8;1;5;2;3;4;11;2;2;1;3;936;2; 
4;3;3;1;8;1;4;2;4;3;11;2;4;1;3;937;2; 
3;3;6;5;1;2;2;2;3;4;11;6;1;1;3;938;2;1
3;1;3;1;1;1;3;3;2;3;11;2;1;1;3;939;2;1
3;1;1;5;3;1;4;3;4;4;11;3;1;1;3;940;2;1
4;3;3;5;1;2;5;3;2;4;11;2;2;1;3;941;2;1
3;1;1;5;1;1;2;2;2;3;11;1;1;1;3;942;2;1
3;1;6;5;3;1;2;2;3;4;11;1;1;1;3;943;2;1
4;3;3;5;3;1;2;2;1;4;11;1;1;1;3;944;2;1
4;1;6;5;7;2;5;4;3;3;11;1;1;1;3;945;2;3
4;4;4;5;7;2;5;4;2;4;11;2;1;1;3;946;2;3
3;1;4;5;2;2;4;2;2;3;11;2;1;1;3;947;2;1
3;1;6;1;3;1;4;2;3;3;11;6;1;1;3;948;2;1
4;1;6;1;2;2;2;2;1;4;11;2;1;1;3;949;2;1
3;1;4;5;2;2;3;2;5;3;11;2;1;1;3;950;2;1
3;1;6;1;2;2;1;2;2;3;11;1;1;1;3;951;2;1
4;3;3;1;3;1;1;2;3;4;11;6;1;2;3;952;2;1
3;1;3;1;1;1;2;2;3;3;11;2;1;1;3;953;2;1
3;1;4;5;2;2;5;4;3;2;11;1;2;2;3;954;2;1
3;1;4;5;3;2;2;2;2;4;11;2;1;1;3;955;2;1
3;1;1;3;6;1;1;1;1;2;11;2;1;1;3;956;2;2
4;1;6;1;7;2;1;1;1;3;11;2;1;1;3;957;2;3
4;1;4;1;3;2;4;4;3;3;11;1;1;1;3;958;2;1
3;1;4;5;6;2;5;2;4;4;11;2;1;1;3;959;2;2
4;1;1;5;2;1;5;2;3;3;11;2;1;1;3;960;2;1
3;3;3;5;7;2;4;2;1;2;11;1;1;1;5;961;2;3
3;1;1;5;2;2;5;4;2;3;11;2;1;1;5;962;2;1
4;3;4;5;3;1;5;2;2;2;11;2;1;1;5;963;2;1
4;1;4;6;1;1;3;2;3;4;11;3;1;1;5;964;2;1
3;1;1;5;7;1;4;2;3;3;11;2;1;1;5;965;2;3
3;4;6;5;3;1;3;1;3;2;11;2;1;1;5;966;2;1
4;1;1;4;2;2;3;2;3;4;11;4;1;1;5;967;2;1
1;1;1;5;3;1;5;2;1;4;11;2;1;1;5;968;2;1
3;1;1;4;1;1;3;2;3;4;11;2;1;1;5;969;2;1
3;1;1;5;2;2;5;2;3;3;11;1;1;1;5;970;2;1
4;4;6;5;2;2;5;3;4;3;11;2;1;1;5;971;2;1
4;1;1;5;1;1;3;2;4;4;11;1;1;1;5;972;2;1
3;1;1;5;1;1;1;2;2;2;11;1;1;1;5;973;2;1
3;1;1;5;1;1;1;1;1;2;11;3;1;1;5;974;2;1
4;1;1;5;6;2;1;2;2;2;11;2;1;1;5;975;2;2
3;1;1;5;2;2;3;2;2;3;11;2;1;1;5;976;2;1
3;1;1;5;2;2;1;2;1;4;11;3;1;1;5;977;2;1
1;1;1;6;3;2;4;2;3;3;11;4;1;1;5;978;2;1
5;1;3;5;2;1;1;1;1;4;11;4;1;1;2;979;2;1
3;1;1;2;3;2;1;1;2;4;11;3;1;1;5;980;2;1
5;1;1;5;4;1;4;2;3;3;11;2;1;1;5;981;2;2
3;1;1;5;2;2;2;2;2;3;11;2;1;1;5;982;2;1
3;1;1;5;2;2;5;3;3;2;11;2;1;1;5;983;2;1
4;1;1;5;2;2;2;2;4;2;11;2;1;1;5;984;2;1
3;1;1;5;3;2;4;2;3;2;11;2;1;1;5;985;2;1
3;1;1;5;3;2;5;2;2;4;11;3;1;1;5;986;2;1
5;1;1;5;2;2;5;4;1;1;11;1;1;1;5;987;2;1
2;1;1;5;3;1;4;2;2;3;11;3;1;1;5;988;2;1
3;1;1;5;2;1;5;2;3;2;11;2;1;1;5;989;2;1
2;1;1;5;3;1;5;2;1;3;11;2;1;1;5;990;2;1
3;1;1;5;7;2;3;2;3;2;11;2;1;1;5;991;2;3
4;1;1;5;3;1;2;2;3;2;11;2;1;1;5;992;2;1
3;4;1;5;2;1;1;1;1;2;11;4;1;1;5;993;2;1
3;1;1;5;2;2;1;1;2;2;11;2;1;1;5;994;2;1
3;1;1;1;3;2;4;1;3;2;11;2;1;1;5;995;2;1
3;3;6;3;2;2;5;2;4;1;11;1;1;1;5;996;2;1
3;3;4;5;7;1;4;2;3;3;11;2;1;1;5;997;2;3
3;1;1;5;1;1;1;2;2;4;11;4;1;1;5;998;2;1
3;1;4;5;2;2;1;2;2;4;11;3;1;1;2;999;2;1
4;1;5;5;3;2;3;2;3;4;11;2;1;1;2;1000;2;1
